Catchment,Area (m²),Ice Discharge (kg/yr),Ice Yield (kg m⁻² yr⁻¹),Sediment Yield (kg m⁻² yr⁻¹),Total Flux (kg/yr),Gate Number,Gate Longitude,Gate Latitude
Gate 180.0,74482670000.0,40899360398982.72,549.1124364766022,0.5647793748762716,42066275801.71563,180.0,-180338.33507306778,-2268794.5494186166
Gate 28.0,221973800000.0,15536687694924.23,69.99334018214866,0.1670204880385084,37074172407.76226,28.0,488548.93006268254,-1099569.840116396
Gate 186.0,48752170000.0,27909012802296.668,572.4670881787758,0.5788654308432715,28220945891.594414,186.0,483948.32985386293,-2287001.162790705
Gate 227.0,42807910000.0,29138400784402.945,680.6779584521399,0.6412819651230348,27451940647.610012,227.0,304124.86951983575,-2576506.3226744374
Gate 139.0,29525100000.0,12482916737771.78,422.78999013624946,0.4838694731256997,14286294580.983597,139.0,-224344.07620041879,-1976088.2267441843
Gate 165.0,37198530000.0,7475146482943.8125,200.95273880295304,0.3116545023323397,11593089354.64461,165.0,-194740.21398747407,-2181362.7906976803
Gate 239.0,10723770000.0,16590115878715.312,1547.0413743222125,1.0421606543745916,11175891160.562614,239.0,184709.29018789405,-2721959.1569767767
Gate 24.0,14030370000.0,11977955868794.537,853.7163217217035,0.7332136784834701,10287259198.184124,24.0,-261948.98225470888,-996332.3401163202
Gate 70.0,19040960000.0,8727443203464.479,458.351007694175,0.5075423124373366,9664092869.426828,70.0,-383964.90083507245,-1470104.4331395316
Gate 130.0,33420940000.0,5910921902072.487,176.86282618240202,0.28898376249704755,9658108987.388077,130.0,-296953.54906054225,-1823432.7761627866
Gate 114.0,33290790000.0,4861107095054.743,146.0195776385824,0.2580181047060192,8589626539.966098,114.0,-321756.7849686842,-1666375.7267441913
Gate 233.0,8564300000.0,11535177230078.652,1346.8908410586566,0.960169103166943,8223176250.25265,233.0,228314.9791231766,-2677142.877907007
Gate 269.0,22062970000.0,4783399346061.049,216.80668314651422,0.3259706527215892,7191880731.876841,269.0,-223944.0240083547,-2824796.511627956
Gate 26.0,4072540000.0,13262835134749.146,3256.64944598436,1.6185661090087866,6591675221.5826435,26.0,439142.48434241704,-1073160.2470931148
Gate 131.0,10834850000.0,6522202411130.225,601.9651782101482,0.5963255772678163,6461098180.8602,131.0,-295353.3402922734,-1837437.8633720896
Gate 8.0,26775480000.0,2602680482259.0947,97.20387766191661,0.2028269443703941,5430788792.450601,8.0,-82125.52192066956,-913502.2529069971
Gate 220.0,3293510000.0,10978218307879.342,3333.288287534983,1.6409869819263228,5404607034.844163,220.0,461145.3549060596,-2530889.7529069954
Gate 206.0,5118720000.0,7667395537719.888,1497.9126691281976,1.0224576272098025,5233674305.55136,206.0,488548.9300626313,-2409045.4941860577
Gate 151.0,12137040000.0,4218168632598.867,347.54508781373937,0.4309116888377913,5229992403.891827,151.0,-206541.75365344496,-2081926.6715116305
Gate 163.0,28360140000.0,2262518872252.966,79.7781277614626,0.18045953954828145,5117857805.924799,163.0,-196740.4749478075,-2168358.06686047
Gate 226.0,10000200000.0,4422605245396.147,442.25167950602463,0.4969216147189449,4969315531.512393,226.0,333928.7578288149,-2570103.9970930475
Gate 91.0,15647870000.0,3009208321345.66,192.30785540432404,0.30365374598832207,4751534342.238285,91.0,-355161.1430062639,-1557536.191860472
Gate 232.0,3923080000.0,7807338647761.696,1990.1043689554372,1.2095485220393218,4745155615.842023,232.0,245117.17118998445,-2659936.6279070103
Gate 25.0,3187460000.0,7098087240153.43,2226.878844017942,1.2927009212734963,4120432478.5224185,25.0,-368762.9175365605,-1061355.9593024037
Gate 161.0,2128460000.0,9130017915340.057,4289.49471229906,1.9049693677790391,4054651100.5429735,161.0,-204541.4926931123,-2131944.840116279
Gate 270.0,6160640000.0,4282236985278.3257,695.0961239868465,0.6492815363034987,3999989803.8127866,270.0,163906.57620042076,-2831398.909883771
Gate 245.0,2523180000.0,7338494148163.941,2908.430689908743,1.5138513732681327,3819719508.002687,245.0,179708.6377870594,-2742966.7877907297
Gate 125.0,3598800000.0,5543280180481.333,1540.3134879630247,1.0394777083642974,3740872376.8614335,125.0,-317356.21085595083,-1771613.9534883734
Gate 99.0,61436980000.0,766870473129.8436,12.482229320676954,0.06024443768763328,3701236313.326372,99.0,-346560.0208768268,-1593549.2732558146
Gate 300.0,3930940000.0,5121869656162.393,1302.9630714695195,0.9415226038620746,3701068864.425584,300.0,88496.73799582764,-3005662.209302393
Gate 150.0,11555170000.0,2415995230760.8765,209.0834865052506,0.3190520319154834,3686700467.6288366,150.0,584161.4039665989,-2067521.438953496
Gate 173.0,37198530000.0,1038333597139.2269,27.913296496910682,0.09697015290953702,3607147142.11,173.0,-199340.8141962439,-2186764.7529069814
Gate 320.0,2958560000.0,5924538476316.628,2002.5074618451638,1.2140013907479696,3591695954.611313,320.0,101898.48643006552,-3132308.212209406
Gate 256.0,7875700000.0,2630166439314.3315,333.95970381227465,0.420868261694056,3314632168.623877,256.0,-236945.72025052513,-2778179.578488413
Gate 9.0,13013770000.0,1727133794330.297,132.71586898572028,0.24384406378509427,3173330561.964546,9.0,-514.8747390397929,-916703.4156976906
Gate 97.0,61436980000.0,591063636187.8826,9.62064926023191,0.051645417861073,3172938504.2223845,97.0,-349560.41231732734,-1590548.1831395356
Gate 284.0,4428950000.0,3551095719675.346,801.7917835322924,0.7065005736218817,3129055715.542633,284.0,163106.47181628845,-2873414.171511677
Gate 207.0,2961080000.0,4212086548945.142,1422.4831983415315,0.9916848678101492,2936458228.3752766,207.0,486348.64300626464,-2425051.308139552
Gate 132.0,5753680000.0,2639502402446.2275,458.75029588823634,0.5078037676950142,2921740382.1114492,132.0,-296753.5229645106,-1847241.4244186017
Gate 23.0,59174630000.0,522612534946.79395,8.831699242509737,0.049096852009938234,2905288051.8528514,23.0,-253547.8862213034,-979726.3081395688
Gate 88.0,2099130000.0,4998420257597.919,2381.1866142630133,1.3449533793807384,2823231987.2594895,88.0,-352560.8037578292,-1524124.0552325633
Gate 224.0,2841330000.0,4040250689303.635,1421.9575654019895,0.9914681193566465,2817088111.5716205,224.0,369533.4029227584,-2552297.529069792
Gate 332.0,3529380000.0,3372250468709.685,955.4795654504999,0.7837125945169887,2766019556.8363695,332.0,-68123.69519833433,-3173523.183139642
Gate 258.0,3586970000.0,3103538539948.977,865.225675137784,0.7390439912847278,2650928625.41858,258.0,208512.39561586804,-2796186.1191860866
Gate 68.0,8848480000.0,1594756196250.645,180.22939490744682,0.2922246312651879,2585743805.2573895,68.0,-406367.8235908141,-1457899.9999999995
Gate 266.0,1843990000.0,4250567465871.409,2305.092471147571,1.3193646879135705,2432895290.865745,266.0,169507.3068893535,-2816593.531976792
Gate 205.0,5118720000.0,2019942296032.567,394.61863435244885,0.4645325680021722,2377812146.484079,205.0,490549.19102296507,-2404043.6773255947
Gate 302.0,2692700000.0,3141905329811.6016,1166.8233853795823,0.8820325118819866,2375048944.7446256,302.0,97697.93841336432,-3024469.040697754
Gate 66.0,8848480000.0,1304855948391.2966,147.4666777108946,0.25952740528408663,2296423055.1081347,66.0,-405367.6931106454,-1454898.9098837192
Gate 92.0,1154540000.0,5264228249719.748,4559.589316714664,1.9750262240792538,2280246776.7484617,92.0,-350360.51670146163,-1581144.7674418632
Gate 36.0,2047290000.0,3419312283099.4814,1670.1650880429647,1.0904471631780868,2232461572.702865,36.0,-477577.11377870705,-1254226.017441866
Gate 56.0,2892150000.0,2428049718912.7837,839.531047460465,0.7259834502504003,2099653035.6416953,56.0,-451573.7212943616,-1410282.7034883704
Gate 152.0,3569640000.0,2073837630253.766,580.9654839854344,0.5839326333309038,2084429285.2433276,152.0,671972.8601252628,-2089529.433139542
Gate 141.0,3738940000.0,1820131316783.8489,486.80409869745137,0.5259471442853683,1966484815.6543348,141.0,-218743.34551148492,-2012701.526162798
Gate 304.0,1810360000.0,2746105931613.123,1516.8838969117319,1.0300968637208179,1864846158.2056198,304.0,103698.72129436793,-3048277.6889535673
Gate 59.0,5892250000.0,1184819387810.258,201.0809771836324,0.31177211524525145,1837039246.0538328,59.0,-429970.90292275423,-1420486.4098837196
Gate 296.0,3466800000.0,1647489779592.3862,475.2191587609283,0.5185079526639114,1797563370.295248,296.0,159706.02818371684,-2942639.316860523
Gate 76.0,336990000.0,8117157668701.905,24087.236026890725,5.285733697847602,1781239398.8376634,76.0,-370363.12630480394,-1492312.500000003
Gate 149.0,12137040000.0,676460066296.1293,55.73517647598832,0.14596868762120668,1771627800.4060903,149.0,-206941.80584551362,-2067921.584302332
Gate 310.0,1139250000.0,3441765475048.8677,3021.080074653384,1.5482609365666726,1763856271.9835818,310.0,125301.53966597444,-3082290.043604741
Gate 298.0,3743680000.0,1470215746401.056,392.71939546143255,0.46320895807353935,1734106112.1607478,298.0,121901.0960334078,-2987855.741279137
Gate 110.0,730820000.0,4533642698911.696,6203.5011342214175,2.3694939482662556,1731673567.271945,110.0,-316556.10647181625,-1639966.1337209358
Gate 117.0,16147400000.0,458728909129.042,28.40884037857748,0.09798466766088644,1582197622.5873978,117.0,547156.5762004155,-1708190.915697672
Gate 199.0,2573370000.0,1605742664748.5256,623.9843725342744,0.6091319224315548,1567521815.2276902,199.0,525953.8100208796,-2361028.052325599
Gate 293.0,1023580000.0,2814479234142.229,2749.6426602143742,1.4644089104658866,1498939672.5746722,293.0,168907.22860125505,-2896422.529069821
Gate 297.0,1857950000.0,1753568789335.2805,943.8191497808232,0.7780417058288257,1445562587.3446667,297.0,141503.65344467867,-2946840.8430233183
Gate 128.0,3032510000.0,1087837943505.7659,358.7252617487711,0.43905721249175483,1331445387.4533715,128.0,-317956.28914405085,-1796623.0377906952
Gate 86.0,15626970000.0,347154556218.12555,22.21509071932214,0.08472052385788847,1323925084.7115076,86.0,-357961.5083507291,-1505917.44186046
Gate 138.0,2136600000.0,1177730058260.3564,551.2169139101172,0.5660585688320966,1209440738.1666577,138.0,-255548.14718162917,-1973487.2819767492
Gate 20.0,26775480000.0,198525681771.0794,7.414458369040608,0.04427154199015847,1185391787.1266482,20.0,-88126.3048016714,-920304.7238372291
Gate 121.0,1005220000.0,1775059904907.536,1765.8422085787547,1.1269720546643007,1132854848.7896483,121.0,-318556.3674321516,-1731199.2732558195
Gate 281.0,465500000.0,2970740051437.956,6381.82610405576,2.409545678632614,1121643513.403482,281.0,182709.02922755832,-2869212.64534889
Gate 101.0,366430000.0,3470425004881.9395,9470.908508806428,3.0432412523003456,1115134892.0804157,101.0,-327957.59394572076,-1620559.08430233
Gate 335.0,910950000.0,1836214613721.458,2015.7139400861276,1.2187303165146763,1110202381.8290443,335.0,93697.41649269893,-3182126.308139651
Gate 286.0,1433400000.0,1243878325076.654,867.7817253220693,0.7403345048440717,1061195479.2434924,286.0,159906.05427975024,-2876215.188953542
Gate 111.0,12340420000.0,275477764143.7006,22.323208135841455,0.08496414743031427,1048493264.2319989,111.0,623366.5187891456,-1645568.168604653
Gate 100.0,113010000.0,6888603165706.082,60955.69565265093,9.153599818501439,1034448315.4888476,100.0,-335958.6377870564,-1604953.4156976808
Gate 246.0,4424940000.0,542649495032.0443,122.63431708272752,0.23271223964665227,1029737697.7020575,246.0,179508.61169102418,-2753570.6395349153
Gate 64.0,248720000.0,3837740022719.847,15429.961493727273,4.06169022434487,1010223592.5990561,64.0,-402967.37995824585,-1445295.4215116252
Gate 334.0,2043070000.0,885107302504.2384,433.22416877749583,0.4908970567240814,1002937049.681269,334.0,-8315.892484342536,-3180725.799418718
Gate 137.0,1842460000.0,909309712334.0188,493.53023258796327,0.5302331019252817,976933280.9732546,137.0,-254347.9906054275,-1937474.200581401
Gate 119.0,1548670000.0,968500490114.0656,625.3756385247119,0.6099348276437153,944587769.5269926,119.0,-320956.68058455305,-1717994.4767441885
Gate 330.0,882810000.0,1327844194479.4172,1504.1109576006356,1.0249578468819922,904843036.8058915,330.0,90897.05114822614,-3168321.2936047646
Gate 60.0,727410000.0,1459304789795.501,2006.165422245365,1.2153124918978127,884030459.7313879,60.0,-427770.61586638785,-1428289.2441860456
Gate 4.0,2047620000.0,708117571695.0999,345.82469974658375,0.42964882186080205,879757520.6186155,4.0,274120.95511482854,-889293.4593023477
Gate 118.0,1548670000.0,843295874055.6134,544.5290953241255,0.5619864669252657,870331581.7331512,118.0,-323957.07202505105,-1713192.7325581417
Gate 134.0,1016180000.0,1041199130530.7739,1024.6207665283453,0.8167747284773513,829990143.5841149,134.0,544956.2891440511,-1870449.854651164
Gate 22.0,59174630000.0,62727139343.7714,1.060034331330359,0.014011872060784558,829147344.8042637,22.0,-258748.56471817257,-960919.4767442218
Gate 112.0,730820000.0,1301722843341.0684,1781.1811982992642,1.132751736435906,827837624.0220889,112.0,-317356.2108559515,-1649769.694767446
Gate 33.0,1547120000.0,769196254668.6904,497.1794396483081,0.5325484243806958,823916318.3278621,33.0,-489178.6273486444,-1236219.4767441903
Gate 323.0,633680000.0,1392818112275.7627,2197.9833863712956,1.282753698453798,812855363.6362027,323.0,99898.22546973289,-3140711.2645349866
Gate 10.0,3809440000.0,390954270203.2368,102.62775373893191,0.20944627564165139,797873020.2803324,10.0,-146733.95093946016,-917103.5610465296
Gate 308.0,2364720000.0,543001432469.0145,229.6261005400278,0.3372362174306519,797469228.0826112,308.0,129302.06158664078,-3059481.7587210103
Gate 188.0,1323630000.0,807525323168.8301,610.0838777972923,0.6010693296401466,795593396.7915872,188.0,488548.93006263033,-2300806.1773255854
Gate 208.0,1098260000.0,891175822099.9769,811.4433941871478,0.7115182376503062,781432019.6818253,208.0,483348.25156576594,-2454662.0639535026
Gate 160.0,3520250000.0,377426408540.2872,107.2157967588345,0.21493468961794251,756623841.1275622,160.0,766785.2296450965,-2127143.0959302415
Gate 147.0,1070770000.0,835194660659.5543,779.9944532061547,0.6950769308635433,744267525.2607563,147.0,733580.897703551,-2035309.7383721003
Gate 136.0,25040000.0,9576031170172.535,382429.3598311715,27.120074221068883,679086658.4955648,136.0,555157.6200417534,-1898660.1017441913
Gate 231.0,732220000.0,882502481455.583,1205.2422515850196,0.8990953685965999,658335610.7938024,231.0,263119.5198329893,-2647532.122093053
Gate 264.0,1660400000.0,486761995556.0837,293.1594769670463,0.3896514055950825,646977193.850075,264.0,-222543.84133612068,-2813392.3691860884
Gate 306.0,2441440000.0,369815327372.3539,151.47426411148908,0.2636759814321314,643749088.1076629,306.0,-210942.32776618705,-3058881.54069776
Gate 159.0,2128460000.0,370345110406.7461,173.996744315959,0.2862047795758773,609175425.1360718,159.0,-199540.8402922769,-2122141.279069776
Gate 52.0,815270000.0,718228759677.6604,880.9704265797349,0.746968769055302,608981228.347716,52.0,-467375.78288100247,-1397277.9796511608
Gate 303.0,333040000.0,1315378845786.1392,3949.6121960909777,1.8141939376516871,604199148.9955178,303.0,97897.96450939952,-3034672.7470931048
Gate 176.0,417770000.0,1074961863873.4811,2573.0949179536133,1.408045411814177,588239131.6936088,176.0,-196140.39665970745,-2199969.5494186166
Gate 240.0,2523180000.0,302400314919.9988,119.84888708692951,0.22957140091346567,579249967.3568383,240.0,178908.53340292475,-2735564.098837248
Gate 219.0,786340000.0,668556646019.3833,850.2131978779959,0.731432730809171,575154813.5444835,219.0,474147.0511482296,-2508481.613372108
Gate 123.0,790530000.0,645301655186.3378,816.2899006822483,0.7140286322618751,564461054.6619802,123.0,-323557.0198329847,-1756208.35755814
Gate 51.0,799220000.0,632946996801.0948,791.9559030068002,0.7013616575208323,560542263.9237996,51.0,-487178.36638830823,-1396477.6889534893
Gate 268.0,1843990000.0,355140469215.597,192.59348977792558,0.3039204161940927,560426208.257745,268.0,166906.9676409183,-2818194.113372132
Gate 179.0,1683240000.0,361642426668.67505,214.84899756937517,0.324226571787505,545751134.6955999,179.0,664571.8945720289,-2259191.0610465193
Gate 312.0,369110000.0,996421978037.9086,2699.525827091947,1.4485631977203999,534679161.9105768,312.0,126301.6701461407,-3099896.4389535775
Gate 325.0,463610000.0,846289190971.9924,1825.4334267422887,1.1493129299015241,532832967.4316456,325.0,106699.11273486594,-3149514.462209405
Gate 154.0,1929550000.0,296905453782.1959,153.872899786062,0.2661375580935165,513525725.2193448,154.0,656970.902922759,-2092930.6686046564
Gate 202.0,784960000.0,539648163244.50616,687.4849205622021,0.6450671825406091,506351935.6070765,202.0,493349.55636743637,-2383436.191860484
Gate 69.0,296510000.0,1020469434298.5809,3441.6020852537213,1.6723184795933188,495859152.38421494,69.0,-389165.57933194283,-1459300.5087209344
Gate 90.0,269010000.0,1000198537616.1864,3718.071958723417,1.750516370386678,470906408.79772025,90.0,-352760.8298538647,-1546932.3401162836
Gate 89.0,269010000.0,979457743722.1859,3640.9715018853794,1.7289551514884856,465106225.3019175,89.0,-350760.56889352814,-1539329.578488372
Gate 63.0,218920000.0,1008213665243.4437,4605.397703469047,1.9867378775456037,434936656.15228355,63.0,-408768.1367432142,-1435691.9331395326
Gate 108.0,366430000.0,676556322249.77,1846.345338126709,1.1570819823821676,423989550.8042977,108.0,-322956.9415448838,-1626361.1918604644
Gate 157.0,478020000.0,555986907821.2113,1163.103861389087,0.8803684706742532,420833736.3517065,157.0,-203941.41440501148,-2102734.229651171
Gate 74.0,19040960000.0,41084777178.3198,2.1577051355771872,0.021333330565892525,406207093.97193694,74.0,-378764.22233820567,-1472905.4505813988
Gate 49.0,702460000.0,388820043972.0555,553.5120063378064,0.5674513545223165,398611878.49774647,49.0,-517382.30688935553,-1389275.072674422
Gate 343.0,588730000.0,428821259966.5921,728.3835713596931,0.6674956097769407,392974690.3439783,343.0,80695.7202505223,-3213537.7180233705
Gate 93.0,1154540000.0,257262288322.46402,222.82665678318986,0.3312938912983201,382492049.2595625,93.0,-353560.93423799693,-1586946.875000004
Gate 314.0,638920000.0,358970455266.3,561.8394404092844,0.5724851956014815,365772241.17369854,314.0,116900.44363257245,-3106498.837209394
Gate 185.0,19920000.0,3781073521698.003,189812.9277960845,17.920840158283017,356983135.9529977,185.0,605564.1962421736,-2286801.090116293
Gate 280.0,465500000.0,423698857495.7189,910.2016272732951,0.7615298441788272,354492142.46524405,280.0,174908.01148225678,-2865611.337209352
Gate 148.0,811750000.0,287864779083.0613,354.6224565236357,0.4360802516648115,353988144.28891075,148.0,694575.8089770396,-2057517.8052325656
Gate 260.0,3586970000.0,102498134122.51419,28.575130018515402,0.09832348508139888,352683391.28242534,260.0,206112.0824634677,-2803388.7354651648
Gate 178.0,3728710000.0,98618578786.4489,26.448444310887385,0.09392728557579358,350227608.9993173,178.0,-206341.72755741127,-2245986.2645348865
Gate 15.0,13013770000.0,38937164688.1684,2.99199729887407,0.02588365058732896,336843875.503864,15.0,-7515.788100208498,-918704.1424418837
Gate 338.0,2367460000.0,125203194580.8931,52.885030615466825,0.14150662214121185,335011267.65443337,338.0,-107328.81002088028,-3199332.5581396525
Gate 58.0,5892250000.0,65975194820.07449,11.196944260694046,0.05649436353304257,332878913.52757007,58.0,-435571.6336116923,-1417685.3924418641
Gate 37.0,51080000.0,1618588714768.945,31687.328010355228,6.216494288073712,317538528.2348052,37.0,-481977.6878914394,-1268431.1773255763
Gate 223.0,579280000.0,283699116784.8157,489.7443667739533,0.5278236688423645,305757694.8870049,223.0,402137.6565762022,-2552497.6017442117
Gate 129.0,280490000.0,464308985118.5132,1655.3495137741565,1.0847156752689355,304251899.75618374,129.0,-306154.7494780799,-1820031.5406976796
Gate 50.0,598760000.0,271801335729.6006,453.940369646604,0.5046479938748446,302163032.81250197,50.0,-491178.88830897736,-1394877.1075581422
Gate 115.0,288260000.0,447581313983.87616,1552.7000415731497,1.0444135285697858,301062643.74552643,115.0,-324557.1503131534,-1685182.558139538
Gate 189.0,1052140000.0,175266278683.9622,166.58075796373313,0.27892596521801055,293469165.04447764,189.0,579360.7776617971,-2301206.3226744314
Gate 311.0,24910000.0,2238200425975.47,89851.48237557086,11.514811267507291,286833948.67360663,311.0,-197540.57933194845,-3090493.0232559103
Gate 229.0,503490000.0,275742963587.836,547.6632377759955,0.5638973233487359,283916663.33285505,229.0,296523.8778705647,-2618321.511627933
Gate 46.0,422930000.0,301669334288.8424,713.2843125076074,0.6592767559605761,278827918.39840645,46.0,-578590.2922755749,-1383673.0377906975
Gate 337.0,498690000.0,267533175601.3144,536.4719076005422,0.5570533403703292,277796930.30927944,337.0,-88926.40918580898,-3198332.194767558
Gate 238.0,7800000.0,4203913420091.247,538963.2589860574,33.22162096028111,259128643.49019265,238.0,203911.79540709985,-2715956.9767442136
Gate 153.0,92890000.0,750356153131.1475,8077.90023825113,2.769947928883084,257300463.11394966,153.0,-202741.25782880903,-2091130.0145348879
Gate 122.0,1005220000.0,134792245635.87491,134.09228391384465,0.24533663893302057,246617296.18825093,122.0,-321356.73277661664,-1735400.7994186012
Gate 191.0,296000000.0,308972971108.059,1043.827605094794,0.82579578587161,244435552.61799654,191.0,-211742.43215031305,-2306008.066860469
Gate 32.0,941010000.0,126596129678.5112,134.53218316331515,0.24581234124236312,231311871.23247612,32.0,-533384.3945720242,-1222414.4622092976
Gate 201.0,443900000.0,212571863872.3211,478.87331352178666,0.5208623635880175,231210803.196721,201.0,516152.5313152433,-2369831.250000018
Gate 299.0,3930940000.0,46216686954.1895,11.757159090240375,0.058149428300854955,228581913.68496278,299.0,88496.7379958254,-3001060.537790774
Gate 336.0,362170000.0,237797060704.4415,656.5896145579189,0.6277609410540108,227356180.0215311,336.0,59492.95407098203,-3192129.941860575
Gate 203.0,784960000.0,138888480460.6356,176.93701648572613,0.28905545288405415,226896968.29586715,203.0,487548.7995824655,-2384836.700581404
Gate 181.0,996970000.0,114717820186.54959,115.0664715954839,0.2241083106850496,223429262.5036739,181.0,654770.6158663937,-2267193.968023268
Gate 271.0,344290000.0,224598734075.5216,652.3533476880583,0.6253622658025385,215305974.493156,271.0,169507.30688935597,-2844203.5610465566
Gate 43.0,1544880000.0,78938362113.1352,51.096759692102424,0.1386567243185063,214208000.26517403,43.0,-561188.0219206677,-1348660.3197674397
Gate 35.0,109530000.0,475807713018.8901,4344.085757499224,1.919271261594772,210217781.28247538,35.0,-481777.66179540637,-1241821.5116279046
Gate 237.0,208900000.0,282500397937.33,1352.323589934562,0.962457818349533,201057438.25321746,237.0,231115.34446764115,-2711555.377907007
Gate 351.0,373130000.0,185458164341.096,497.03364602443116,0.532456055730038,198675328.07454905,351.0,44290.9707724447,-3244348.9098838517
Gate 124.0,1196600000.0,74798565042.6515,62.50924706890482,0.1562148988115953,186926747.91795495,124.0,541155.7933194133,-1757808.938953487
Gate 278.0,197330000.0,233620464988.7974,1183.907489934614,0.8896479304452714,175554226.1147654,278.0,202711.6388309018,-2855807.7761628414
Gate 45.0,225790000.0,197584911222.6816,875.0826485791293,0.7440121114939464,167990494.65421817,45.0,-549786.5344467635,-1378671.2209302315
Gate 116.0,127110000.0,273102715039.97928,2148.5541266617834,1.265612985872942,160872066.63430965,116.0,-327757.56784968707,-1691985.029069765
Gate 329.0,3530000.0,3121279142388.223,884215.054500913,44.5226161648195,157164835.06181285,329.0,-42320.32881002486,-3166120.494186159
Gate 283.0,136220000.0,247762292306.2826,1818.8393209975231,1.1468556014476303,156224670.0291962,283.0,211112.73486430416,-2871813.590116335
Gate 316.0,66820000.0,400595139824.94086,5995.13827933165,2.3220948135550064,155162375.44174552,316.0,113700.02609603907,-3110300.218023353
Gate 31.0,429210000.0,106244065252.0928,247.53399327157524,0.35255213334677094,151318901.15376756,31.0,-575189.8486430065,-1180599.2732558125
Gate 3.0,211370000.0,164964557502.03882,780.453978814585,0.695319096731028,146969597.47603738,3.0,182509.00313152617,-870886.7732558275
Gate 346.0,327590000.0,120077671133.3618,366.5486465806704,0.44469551621153425,145677804.1557365,346.0,63293.4498956206,-3235945.857558262
Gate 133.0,486410000.0,90113947873.1103,185.26335369978065,0.2970248615396415,144475862.90149704,133.0,-297353.6012526097,-1857445.1308139584
Gate 156.0,478310000.0,91018996516.32451,190.29289899087308,0.30176795076094315,144338628.52846673,156.0,637968.423799583,-2095931.758720938
Gate 209.0,91540000.0,269900114268.46323,2948.43908967078,1.5261335556557727,139702265.68472943,209.0,472146.7901878964,-2475269.5494186236
Gate 177.0,16020000.0,895143585920.6577,55876.62833462283,8.694502131538494,139285924.14724666,177.0,679173.799582467,-2236982.994186059
Gate 340.0,130660000.0,209756323975.3338,1605.3598957242752,1.0652203942861673,139181696.71743062,340.0,74094.85908142348,-3201533.357558261
Gate 34.0,393410000.0,96620311540.1156,245.5969892481523,0.3509178424607167,138054588.40247056,34.0,-497579.7233820456,-1235819.331395345
Gate 6.0,17360000.0,807201995982.3495,46497.81082847635,7.799177489301286,135393721.21427032,6.0,200311.32567850006,-889693.6046511789
Gate 313.0,369110000.0,95301977363.6947,258.1939729719994,0.3614543362236768,133416410.04352134,313.0,129502.08768267672,-3103697.8197675347
Gate 1.0,346560000.0,90214678375.31529,260.3147460044878,0.36320736529926134,125873144.518112,1.0,685.2818371608269,-811665.2616279146
Gate 146.0,20480000.0,630674136625.0453,30794.63557739479,6.112310181910147,125180112.52551982,146.0,605964.2484342401,-2035709.8837209377
Gate 221.0,214490000.0,118515485092.2277,552.5455037168525,0.5668651168218408,121586898.90711664,221.0,456744.7807933215,-2540693.3139535054
Gate 344.0,154250000.0,147247432560.5574,954.6024801332733,0.7832870227237622,120822023.25514032,344.0,73694.80688935753,-3225542.078488497
Gate 47.0,204650000.0,119195528697.1691,582.436006338476,0.584806356403276,119680620.83793044,47.0,-533584.4206680609,-1387274.3459302369
Gate 27.0,75800000.0,234117940686.698,3088.627185840343,1.5686423980992665,118903093.7759244,27.0,-388765.527139904,-1082563.6627907804
Gate 349.0,327590000.0,76063762051.6006,232.19195351384536,0.339459893657337,111203666.56320702,349.0,64693.63256785019,-3243548.6191861755
Gate 253.0,65870000.0,227773502333.8321,3457.924735597876,1.677004919874705,110464314.07214682,253.0,198111.0386221333,-2773978.052325616
Gate 193.0,59890000.0,240968548171.8248,4023.51892088537,1.8341961721676443,109850008.75112022,193.0,552957.3329853874,-2309609.3750000047
Gate 158.0,88730000.0,173632639386.3536,1956.865089443859,1.1975589385330574,106259404.61603819,158.0,-202341.20563674186,-2114538.517441861
Gate 190.0,1323630000.0,26778920154.573097,20.23142430631906,0.08016101087997748,106103518.8310646,190.0,493549.58246346726,-2302806.9040697743
Gate 109.0,162080000.0,111846392463.7141,690.0690551808619,0.64650015552,104784745.2066816,109.0,-322156.8371607514,-1635364.4622093062
Gate 265.0,124240000.0,115322732873.49811,928.225473869109,0.7704129898149953,95716109.85461502,265.0,183509.13361169258,-2813792.514534927
Gate 57.0,143860000.0,103536492135.21431,719.7031289810532,0.6627792582316815,95347424.0892097,57.0,-444172.75574112596,-1416885.101744181
Gate 279.0,102560000.0,113437239293.11319,1106.0573254008696,0.8545683812076897,87644533.17666066,279.0,202911.66492693266,-2866211.5552326073
Gate 275.0,344290000.0,49087393748.0882,142.5757174129025,0.2544014299189275,87587868.30678755,275.0,176908.27244259036,-2846204.2877907488
Gate 61.0,31350000.0,244981925312.2482,7814.415480454488,2.7161492279287773,85151278.29556717,61.0,-420969.7286012535,-1431090.2616279074
Gate 2.0,354490000.0,34484463191.5472,97.27908598704393,0.20291974554205516,71933020.59720314,2.0,15687.23903966609,-837674.7093023327
Gate 321.0,7780000.0,470356146179.4132,60457.08819786802,9.109241162213635,70869896.24202208,321.0,-177137.91753654068,-3133308.575581497
Gate 21.0,15390000.0,291704694832.6343,18954.17120419976,4.587186918125494,70596806.66995135,21.0,-89126.43528183922,-921505.1598837384
Gate 230.0,117420000.0,71032802048.8762,604.9463638977704,0.598070501753201,70225438.31586085,230.0,298124.08663883473,-2630125.799418626
Gate 252.0,124100000.0,66939211642.8279,539.3973540920863,0.5588479634427762,69353032.26324853,252.0,188509.78601252704,-2766375.2906977115
Gate 166.0,139060000.0,61509416457.0742,442.3228567314411,0.49696891451636005,69108497.25264503,166.0,745982.515657624,-2178761.8459302387
Gate 200.0,144490000.0,55481394934.936905,383.9808632772988,0.4570849240220748,66044200.67194959,200.0,520553.10542797734,-2363628.997093031
Gate 347.0,203460000.0,40542241958.3501,199.26394356802368,0.31010276410377086,63093508.38455322,347.0,92497.25991649387,-3238746.875000125
Gate 211.0,61970000.0,90498674985.1003,1460.3626752477053,1.0072196423624655,62417401.23720199,211.0,476147.31210856413,-2484672.9651162936
Gate 184.0,327610000.0,27762982583.4586,84.74400226934037,0.1870210789689713,61269975.681024686,184.0,510151.7484342397,-2280998.982558147
Gate 248.0,104880000.0,60265430951.1106,574.6131860327098,0.5801479344318239,60845915.36320969,248.0,184509.2640918602,-2761173.401162823
Gate 96.0,26380000.0,152428018026.8191,5778.165960076539,2.2720160595241734,59935783.65024769,96.0,-351160.62108559534,-1588947.6017441882
Gate 274.0,69680000.0,77797626576.361,1116.498659247431,0.8593305486788665,59878152.63194342,274.0,181508.87265136006,-2845403.997093067
Gate 327.0,180400000.0,39841404630.4169,220.85035826173447,0.3295528769111809,59451338.99477703,327.0,124301.40918580584,-3157517.3691861574
Gate 48.0,204650000.0,35373197733.1533,172.8472891920513,0.28508500811761045,58342646.91126898,48.0,-532384.2640918595,-1387074.273255819
Gate 29.0,117680000.0,51276625758.8214,435.72931474185424,0.4925739791390603,57966105.86508462,29.0,-585591.2056367409,-1165793.895348833
Gate 196.0,201100000.0,34993849901.663704,174.01218250454352,0.28621979848318585,57558801.47496867,196.0,512752.08768267406,-2335418.750000012
Gate 251.0,104880000.0,50317720174.582695,479.7646851123445,0.5214355689086565,54688162.46713989,251.0,187309.62943632735,-2763374.20058144
Gate 222.0,40140000.0,95928507618.0194,2389.848221674624,1.347844752385751,54102488.36076405,222.0,439942.5887265194,-2547295.712209323
Gate 197.0,63920000.0,69086933621.2078,1080.834380807381,0.8429880930056123,53883798.90491874,197.0,524953.6795407111,-2339020.0581395417
Gate 318.0,173010000.0,30816806979.8888,178.12153621113694,0.29019840070696246,50207225.30631158,318.0,123301.27870564027,-3127706.540697772
Gate 257.0,15770000.0,156770404107.1445,9941.052892019308,3.1317047954443082,49386984.62415674,257.0,203711.76931106715,-2779179.941860499
Gate 87.0,57460000.0,61994479562.492195,1078.9154118080785,0.8421025656745833,48387213.42366156,87.0,-354361.0386221299,-1513720.2761627883
Gate 289.0,50910000.0,64886632400.097206,1274.536091143139,0.9293188137938493,47311620.810244866,289.0,215913.36116910804,-2883617.8779070275
Gate 183.0,48900000.0,64197500497.75361,1312.8323210174563,0.9457340064693673,46246392.91635206,183.0,606564.3267223401,-2279798.5465116347
Gate 75.0,43780000.0,64720163571.931496,1478.3043301035061,1.0145201826569885,44415693.59672296,75.0,-376563.93528183724,-1477307.0494186045
Gate 44.0,225790000.0,20424886968.234398,90.45966149180389,0.19438181848766362,43889470.796329565,44.0,-555587.2912317315,-1375470.0581395333
Gate 326.0,180400000.0,22054322544.5157,122.25234226449945,0.232283263943172,41903900.81534823,326.0,123501.30480167503,-3154916.4244187083
Gate 301.0,47050000.0,54660807163.463,1161.759982220255,0.8797667113053979,41393023.76691897,301.0,94697.54697286338,-3017066.3517442634
Gate 225.0,2841330000.0,2944958583.0138,1.036471857550443,0.013826817615586412,39286551.69569414,225.0,376734.34237996367,-2564501.962209327
Gate 145.0,49550000.0,46841772697.4104,945.3435458609566,0.7787846955712483,38588781.66555535,145.0,786587.8131524017,-2031908.5029069772
Gate 277.0,197330000.0,17129090365.279001,86.80428908568895,0.18969707534041655,37432923.876924396,277.0,194510.5688935337,-2854007.122093073
Gate 290.0,30230000.0,57959405737.9926,1917.2810366520873,1.1831716667409284,35767279.48557827,290.0,207912.3173277686,-2886618.968023313
Gate 55.0,101460000.0,23838821757.8081,234.95783321316875,0.34184570718793966,34683665.45128836,55.0,-500180.06263048114,-1400279.0697674458
Gate 113.0,24350000.0,61007612383.8405,2505.4460937922177,1.3860318404039693,33749875.31383666,113.0,569359.4728601272,-1652370.6395348858
Gate 144.0,126050000.0,18503618370.9829,146.79586172933676,0.25882851166040444,32625333.89479398,144.0,758584.159707726,-2031708.4302325593
Gate 276.0,197330000.0,13544740300.911098,68.64004612026098,0.16510293701533552,32579762.561236158,276.0,194110.51670146282,-2853206.831395391
Gate 328.0,49720000.0,33814272728.528904,680.0939808634132,0.6409565080134974,31868357.57843109,328.0,111699.76513570287,-3161918.9680233616
Gate 319.0,173010000.0,14026497771.546799,81.07333548087855,0.18218664050584665,31520110.67391653,319.0,125701.59185804351,-3131107.776162895
Gate 331.0,3980000.0,185878388105.6019,46703.11258934721,7.819525970618091,31121713.363060005,331.0,-60322.67745302693,-3169321.6569768577
Gate 341.0,130660000.0,16486302090.7093,126.17711687363615,0.2366652846413806,30922686.091242786,341.0,75495.0417536561,-3201533.3575582528
Gate 182.0,87570000.0,20990096783.4585,239.69506433091811,0.34590549445826935,30290944.149710648,182.0,644369.2588726507,-2267394.0406976803
Gate 140.0,43400000.0,34062546007.547897,784.8512904964954,0.6976335018949834,30277293.98224228,140.0,592762.5260960357,-1989293.02325582
Gate 210.0,91540000.0,19659475598.7237,214.76377101511582,0.32415049721743056,29672736.515283592,210.0,472546.8423799641,-2479070.9302325808
Gate 212.0,17310000.0,58837975023.49921,3399.074235904056,1.6600653467524056,28735731.15228414,212.0,471546.7118997926,-2505480.52325583
Gate 162.0,26180000.0,40014443510.4421,1528.4355809947326,1.0347293207865713,27089213.618192438,162.0,756783.9248434234,-2144549.4186046547
Gate 305.0,34810000.0,32269442747.6349,927.0164535373427,0.7698193357659597,26797411.07801306,305.0,117300.49582463612,-3048677.8343024
Gate 126.0,24150000.0,40643664706.3415,1682.9674826642442,1.0953831319702416,26453502.637081336,126.0,-311555.4540709816,-1781617.5872093062
Gate 294.0,165230000.0,10420084815.289598,63.06412162010288,0.15703355612094644,25946654.47786398,294.0,159105.9498956177,-2911427.97965122
Gate 204.0,784960000.0,3210905820.6725,4.090534321076871,0.031142599222983104,24445694.68607282,204.0,485748.56471816776,-2390838.8808139726
Gate 339.0,87670000.0,14416806615.1611,164.4440129481134,0.2768043125226902,24267434.07886425,339.0,87096.55532359588,-3200132.8488373253
Gate 120.0,6360000.0,76500633731.5639,12028.40153012011,3.5054030740749824,22294363.551116887,120.0,539355.5584551122,-1721195.6395348804
Gate 350.0,35770000.0,22385368907.1041,625.8140594661476,0.6101876908795123,21826413.702760156,350.0,84496.21607515747,-3243148.473837338
Gate 317.0,71280000.0,12399211760.0168,173.9507822673513,0.2861600625736336,20397489.2602486,317.0,110899.66075157138,-3124305.3052326567
Gate 214.0,109600000.0,8790784011.4265,80.20788331593522,0.18103386048227166,19841311.108856972,214.0,462745.5636743254,-2506881.031976761
Gate 234.0,152050000.0,6943651371.3313,45.66689491174811,0.12974279257946955,19727391.611708347,234.0,234315.76200417714,-2696349.8546511987
Gate 348.0,327590000.0,3919738072.5961,11.965377675130803,0.05875632616547783,19247984.88854888,348.0,62693.37160752034,-3238546.8023257055
Gate 5.0,14880000.0,32661667185.626,2195.0045151630375,1.2817251967893013,19072070.928224802,5.0,-3715.292275574954,-887692.8779069938
Gate 7.0,4670000.0,67617298931.43641,14479.079000307582,3.911729247114578,18267775.584025078,7.0,3485.6471816285425,-906299.6366279279
Gate 309.0,6390000.0,51057332991.8079,7990.19295646446,2.7521204471281955,17586049.65714917,309.0,-200740.99686848393,-3075487.5726745054
Gate 54.0,130250000.0,5348970909.4241,41.066955158726294,0.12184629625111316,15870480.08670749,54.0,-474976.7745302709,-1399478.7790697683
Gate 254.0,65870000.0,8199772599.109501,124.48417487641568,0.23478204155154056,15465093.076999977,254.0,199111.16910229975,-2775578.633720973
Gate 142.0,10570000.0,28856646494.887497,2730.0517024491483,1.4582288938909194,15413479.408427017,142.0,795388.9613778736,-2030307.9215116347
Gate 17.0,10460000.0,28838803800.2396,2757.0558126424094,1.4667427134723936,15342128.782921238,17.0,-11916.362212943071,-919104.2877907164
Gate 155.0,11820000.0,25779226848.4351,2180.983658920059,1.2768765988781512,15092681.398739748,155.0,645969.4676409202,-2094531.2500000072
Gate 187.0,138020000.0,3455436880.2313,25.03576931047167,0.0909268633726363,12549725.682691261,187.0,522953.41858037905,-2291402.7616279214
Gate 198.0,11670000.0,18147006483.4116,1555.013409032699,1.04533357881716,12199042.864796259,198.0,531354.5146137812,-2340820.7122093155
Gate 272.0,24310000.0,10117699185.8276,416.1949479978445,0.4793910297609072,11653995.933487654,272.0,207712.2912317356,-2843803.415697721
Gate 127.0,29320000.0,6505196329.556,221.86890619222373,0.3304509550240818,9688822.001306077,127.0,560358.2985386243,-1786819.4767441887
Gate 322.0,21530000.0,4732815462.9179,219.82422029344636,0.3286463936830694,7075756.855996485,322.0,110299.58246346915,-3133508.6482559135
Gate 135.0,1160000.0,21200615174.8792,18276.39239213724,4.489449998801591,5207761.9986098455,135.0,538355.4279749497,-1884254.8691860544
